{
  "macro_f1": 0.7961660658416975,
  "classification_report": {
    "Good-Performance": {
      "precision": 0.7964601769911505,
      "recall": 0.8181818181818182,
      "f1-score": 0.8071748878923767,
      "support": 110.0
    },
    "High-Risk": {
      "precision": 0.8023255813953488,
      "recall": 0.7540983606557377,
      "f1-score": 0.7774647887323943,
      "support": 183.0
    },
    "Moderate-Risk": {
      "precision": 0.7936507936507936,
      "recall": 0.8143322475570033,
      "f1-score": 0.8038585209003215,
      "support": 307.0
    },
    "accuracy": 0.7966666666666666,
    "macro avg": {
      "precision": 0.7974788506790976,
      "recall": 0.7955374754648531,
      "f1-score": 0.7961660658416975,
      "support": 600.0
    },
    "weighted avg": {
      "precision": 0.7968116575252817,
      "recall": 0.7966666666666666,
      "f1-score": 0.7964164332043138,
      "support": 600.0
    }
  }
}